{
    "AUS": {
        "Value": 2789.124017543858
    },
    "AUT": {
        "Value": 2523.1308421052618
    },
    "BEL": {
        "Value": 371.686289473684
    },
    "CAN": {
        "Value": 16679.881587719297
    },
    "CHE": {
        "Value": 1850.998789473685
    },
    "CHL": {
        "Value": 2597.6400326086964
    },
    "CZE": {
        "Value": 718.9836847826089
    },
    "DEU": {
        "Value": 5040.834543859651
    },
    "DNK": {
        "Value": 725.9258947368421
    },
    "ESP": {
        "Value": 3026.490096491229
    },
    "EST": {
        "Value": 296.77501851851844
    },
    "FIN": {
        "Value": 3176.7292192982477
    },
    "FRA": {
        "Value": 7161.989956140354
    },
    "GBR": {
        "Value": 1243.0546052631603
    },
    "GRC": {
        "Value": 534.3267719298246
    },
    "HUN": {
        "Value": 524.906673076923
    },
    "IRL": {
        "Value": 120.68314912280698
    },
    "ISL": {
        "Value": 936.4978596491229
    },
    "ISR": {
        "Value": 201.23347826086967
    },
    "ITA": {
        "Value": 5180.1387543859655
    },
    "JPN": {
        "Value": 6148.5509122807
    },
    "KOR": {
        "Value": 465.64042391304355
    },
    "LTU": {
        "Value": 399.6335961538462
    },
    "LUX": {
        "Value": 22.8854736842105
    },
    "LVA": {
        "Value": 690.313185185185
    },
    "MEX": {
        "Value": 6665.167206521734
    },
    "NLD": {
        "Value": 561.8589320388348
    },
    "NOR": {
        "Value": 4586.315912280702
    },
    "NZL": {
        "Value": 2025.066280701754
    },
    "OECD": {
        "Value": 150233.3141304348
    },
    "POL": {
        "Value": 1516.2409824561394
    },
    "PRT": {
        "Value": 1343.9403947368428
    },
    "SVK": {
        "Value": 308.6404782608697
    },
    "SVN": {
        "Value": 400.74046296296314
    },
    "SWE": {
        "Value": 5618.2581491228075
    },
    "TUR": {
        "Value": 4627.656403508772
    },
    "USA": {
        "Value": 45408.325657894726
    }
}